slug,title,category
a-secret-israeli-operation-out-of-tigray,A Secret Israeli Operation out of Tigray,ethiopia
abiy-ahmed-parliament-speech,Abiy Ahmed: Parliament Speech,ethiopia
arrays,Arrays,tech
binary-search,Binary Search,tech
bit-manipulation,Bit Manipulation,tech
book-review-skunkworks,Book Review: SkunkWorks,personal
design-x,Design X,tech
dfs-bfs,DFS & BFS,tech
ethiopia-egypt-and-the-abay-river,"Ethiopia, Egypt and The Abay River",ethiopia
ethiopia-week-in-review,Ethiopia: Week in Review,ethiopia
ethiopia-week-in-review-2,Ethiopia: Week in Review,ethiopia
ethiopia-week-in-review-3,Ethiopia: Week in Review,ethiopia
ethiopia-week-in-review-5,Ethiopia: Week in Review,ethiopia
ethiopia-week-in-review-6,Ethiopia: Week in Review,ethiopia
ethiopia-weekly-recap-march-21-27,Ethiopia: Week in Review,ethiopia
full-video-of-jeff-pearce-bombshell-the-wests-diplomats-meet-in-secret-with-tplf-rep,Full Video of Jeff Pearce Bombshell,ethiopia
gerd-q-a-with-dr-tirusew-asefa,A Conversation with Dr. Tirusew Asefa,ethiopia
getachew-reda-fr-interview-english,Getachew Reda FR Interview English,ethiopia
how-a-norwegian-researcher-panicked-world-capitals,How a Norwegian Researcher Panicked Western Capitals,ethiopia
math,Math,tech
meet-one-of-ethiopias-most-wanted-men,Meet Ethiopia's Most Wanted Men,ethiopia
sliding-window,Sliding Window,tech
sorting,Sorting,tech
system-design-blogs,Systems Design Resources,tech
thank-you-kobe,Thank You Kobe,personal
the-character-assassination-of-ethiopia,The Character Assassination of Ethiopia,ethiopia
the-collected-threads-of-addis-qnie,The Collected Threads of Addis Qnie,ethiopia
the-ethiopia-primer,Articles on the Tigray Conflict,ethiopia
the-untold-story-of-a-tplf-hostage-crisis,The Untold Story of a TPLF Hostage Crisis,ethiopia
things-to-consider-before-going-all-in-on-your-first-startup,Things to Consider Before Going All In on Your First Startup,personal
this-week-in-ethiopia-recap-from-week-of-march-14,Ethiopia: Week in Review,ethiopia
topological-sort,Topological Sort,tech
two-pointers,Two Pointers,tech
union-find,Union Find,tech
whats-happening-in-tigray,Background on the Tigray Conflict,ethiopia
